{"R": 92.52423873284661, "sc_bld": 1.0388356921714323, "sc_R": 1.0376162244347495, "V_rtd": 11.122788574436488, "des_func": 1, "tsr_des": 7.0, "omega_gen_rtd_rpm": 401.78, "omega_rot_rtd_rads": 0.8414860642395379}