{"R": 92.52423873284661, "sc_bld": 1.0388356921714323, "sc_R": 1.0376162244347495, "V_rtd": 11.122788574436488, "des_func": 2, "tsr_des": 7.2, "omega_gen_rtd_rpm": 413.26, "omega_rot_rtd_rads": 0.8655297200150119}